no;title;year;genre;origin;director;star;imdb_link;image_url
1;The Shawshank Redemption;1994;Drama;USA;Frank Darabont;Tim Robbins;https://www.imdb.com/title/tt0111161;https://m.media-amazon.com/images/M/MV5BNDE3ODcxYzMtY2YzZC00NmNlLWJiNDMtZDViZWM2MzIxZDYwXkEyXkFqcGdeQXVyNjAwNDUxODI@._V1_FMjpg_UX1000_.jpg
2;The Godfather;1972;Drama;USA;Francis Ford Coppola;Marlon Brando;https://www.imdb.com/title/tt0068646;https://m.media-amazon.com/images/M/MV5BM2MyNjYxNmUtYTAwNi00MTYxLWJmNWYtYzZlODY3ZTk3OTFlXkEyXkFqcGdeQXVyNzkwMjQ5NzM@._V1_FMjpg_UX1000_.jpg
3;The Godfather: Part II;1974;Drama;USA;Francis Ford Coppola;Al Pacino;https://www.imdb.com/title/tt0071562;https://m.media-amazon.com/images/M/MV5BMWMwMGQzZTItY2JlNC00OWZiLWIyMDctNDk2ZDQ2YjRjMWQ0XkEyXkFqcGdeQXVyNzkwMjQ5NzM@._V1_FMjpg_UX1000_.jpg
4;The Dark Knight;2008;Drama;USA;Christopher Nolan;Christian Bale;https://www.imdb.com/title/tt0468569;https://m.media-amazon.com/images/M/MV5BMTMxNTMwODM0NF5BMl5BanBnXkFtZTcwODAyMTk2Mw@@._V1_FMjpg_UX1000_.jpg
5;12 Angry Men;1957;Drama;USA;Sidney Lumet;Henry Fonda;https://www.imdb.com/title/tt0050083;https://m.media-amazon.com/images/M/MV5BMWU4N2FjNzYtNTVkNC00NzQ0LTg0MjAtYTJlMjFhNGUxZDFmXkEyXkFqcGdeQXVyNjc1NTYyMjg@._V1_FMjpg_UX1000_.jpg
6;Schindler's List;1993;Drama;USA;Steven Spielberg;Liam Neeson;https://www.imdb.com/title/tt0108052;https://m.media-amazon.com/images/M/MV5BNDE4OTMxMTctNmRhYy00NWE2LTg3YzItYTk3M2UwOTU5Njg4XkEyXkFqcGdeQXVyNjU0OTQ0OTY@._V1_FMjpg_UX1000_.jpg
7;The Lord of the Rings: The Return of the King;2003;Fantasy;USA;Peter Jackson;Elijah Wood;https://www.imdb.com/title/tt0167260;https://m.media-amazon.com/images/M/MV5BNzA5ZDNlZWMtM2NhNS00NDJjLTk4NDItYTRmY2EwMWZlMTY3XkEyXkFqcGdeQXVyNzkwMjQ5NzM@._V1_FMjpg_UX1000_.jpg
8;Pulp Fiction;1994;Drama;USA;Quentin Tarantino;John Travolta;https://www.imdb.com/title/tt0110912;https://m.media-amazon.com/images/M/MV5BNGNhMDIzZTUtNTBlZi00MTRlLWFjM2ItYzViMjE3YzI5MjljXkEyXkFqcGdeQXVyNzkwMjQ5NzM@._V1_FMjpg_UX1000_.jpg
9;Il buono, il brutto, il cattivo;1966;Western;West Germany;Sergio Leone;Clint Eastwood;https://www.imdb.com/title/tt0060196;https://m.media-amazon.com/images/M/MV5BNjJlYmNkZGItM2NhYy00MjlmLTk5NmQtNjg1NmM2ODU4OTMwXkEyXkFqcGdeQXVyMjUzOTY1NTc@._V1_FMjpg_UX1000_.jpg
10;Fight Club;1999;Drama;USA;David Fincher;Brad Pitt;https://www.imdb.com/title/tt0137523;https://m.media-amazon.com/images/M/MV5BNDIzNDU0YzEtYzE5Ni00ZjlkLTk5ZjgtNjM3NWE4YzA3Nzk3XkEyXkFqcGdeQXVyMjUzOTY1NTc@._V1_FMjpg_UX1000_.jpg
11;The Lord of the Rings: The Fellowship of the Ring;2001;Fantasy;USA;Peter Jackson;Elijah Wood;https://www.imdb.com/title/tt0120737;https://m.media-amazon.com/images/M/MV5BZDcyNzRkNWEtYzUwMS00Mzc4LWFkNjMtNDQ0ZDQzMmFiY2E0XkEyXkFqcGdeQXVyMzI3MDY1MTg@._V1_FMjpg_UX1000_.jpg
12;Forrest Gump;1994;Drama;USA;Robert Zemeckis;Tom Hanks;https://www.imdb.com/title/tt0109830;https://m.media-amazon.com/images/M/MV5BNWIwODRlZTUtY2U3ZS00Yzg1LWJhNzYtMmZiYmEyNmU1NjMzXkEyXkFqcGdeQXVyMTQxNzMzNDI@._V1_FMjpg_UX1000_.jpg
13;Star Wars: Episode V - The Empire Strikes Back;1980;Fantasy;USA;Irvin Kershner;Mark Hamill;https://www.imdb.com/title/tt0080684;https://m.media-amazon.com/images/M/MV5BMTU3OTEyYTYtYjNlMi00ZWIyLWJhYzUtOTQ4OWZkYTA5N2I5XkEyXkFqcGdeQXVyOTU2NDAzNDE@._V1_FMjpg_UX1000_.jpg
14;Inception;2010;Adventure;USA;Christopher Nolan;Leonardo DiCaprio;https://www.imdb.com/title/tt1375666;https://m.media-amazon.com/images/M/MV5BMjAxMzY3NjcxNF5BMl5BanBnXkFtZTcwNTI5OTM0Mw@@._V1_FMjpg_UX1000_.jpg
15;The Lord of the Rings: The Two Towers;2002;Fantasy;USA;Peter Jackson;Elijah Wood;https://www.imdb.com/title/tt0167261;https://m.media-amazon.com/images/M/MV5BZGMxZTdjZmYtMmE2Ni00ZTdkLWI5NTgtNjlmMjBiNzU2MmI5XkEyXkFqcGdeQXVyNjU0OTQ0OTY@._V1_FMjpg_UX1000_.jpg
16;One Flew Over the Cuckoo's Nest;1975;Drama;USA;Milos Forman;Jack Nicholson;https://www.imdb.com/title/tt0073486;https://m.media-amazon.com/images/M/MV5BZjA0OWVhOTAtYWQxNi00YzNhLWI4ZjYtNjFjZTEyYjJlNDVlL2ltYWdlL2ltYWdlXkEyXkFqcGdeQXVyMTQxNzMzNDI@._V1_FMjpg_UX1000_.jpg
17;Goodfellas;1990;Drama;USA;Martin Scorsese;Robert De Niro;https://www.imdb.com/title/tt0099685;https://m.media-amazon.com/images/M/MV5BY2NkZjEzMDgtN2RjYy00YzM1LWI4ZmQtMjIwYjFjNmI3ZGEwXkEyXkFqcGdeQXVyNzkwMjQ5NzM@._V1_FMjpg_UX1000_.jpg
18;The Matrix;1999;Action;USA;Lana Wachowski;Keanu Reeves;https://www.imdb.com/title/tt0133093;https://m.media-amazon.com/images/M/MV5BNzQzOTk3OTAtNDQ0Zi00ZTVkLWI0MTEtMDllZjNkYzNjNTc4L2ltYWdlXkEyXkFqcGdeQXVyNjU0OTQ0OTY@._V1_FMjpg_UX1000_.jpg
19;Shichinin no samurai;1954;Drama;Japan;Akira Kurosawa;Toshir� Mifune;https://www.imdb.com/title/tt0047478;https://m.media-amazon.com/images/M/MV5BNWQ3OTM4ZGItMWEwZi00MjI5LWI3YzgtNTYwNWRkNmIzMGI5XkEyXkFqcGdeQXVyNDY2MTk1ODk@._V1_FMjpg_UX1000_.jpg
20;Cidade de Deus;2002;Drama;Brazil;Fernando Meirelles;Alexandre Rodrigues;https://www.imdb.com/title/tt0317248;https://m.media-amazon.com/images/M/MV5BOTMwYjc5ZmItYTFjZC00ZGQ3LTlkNTMtMjZiNTZlMWQzNzI5XkEyXkFqcGdeQXVyNzkwMjQ5NzM@._V1_FMjpg_UX1000_.jpg
21;Se7en;1995;Drama;USA;David Fincher;Morgan Freeman;https://www.imdb.com/title/tt0114369;https://m.media-amazon.com/images/M/MV5BOTUwODM5MTctZjczMi00OTk4LTg3NWUtNmVhMTAzNTNjYjcyXkEyXkFqcGdeQXVyNjU0OTQ0OTY@._V1_FMjpg_UX1000_.jpg
22;Star Wars;1977;Fantasy;USA;George Lucas;Mark Hamill;https://www.imdb.com/title/tt0076759;https://m.media-amazon.com/images/M/MV5BOTA5NjhiOTAtZWM0ZC00MWNhLThiMzEtZDFkOTk2OTU1ZDJkXkEyXkFqcGdeQXVyMTA4NDI1NTQx._V1_FMjpg_UX1000_.jpg
23;The Silence of the Lambs;1991;Thriller;USA;Jonathan Demme;Jodie Foster;https://www.imdb.com/title/tt0102926;https://m.media-amazon.com/images/M/MV5BNjNhZTk0ZmEtNjJhMi00YzFlLWE1MmEtYzM1M2ZmMGMwMTU4XkEyXkFqcGdeQXVyNjU0OTQ0OTY@._V1_FMjpg_UX1000_.jpg
24;It's a Wonderful Life;1946;Drama;USA;Frank Capra;James Stewart;https://www.imdb.com/title/tt0038650;https://m.media-amazon.com/images/M/MV5BZjc4NDZhZWMtNGEzYS00ZWU2LThlM2ItNTA0YzQ0OTExMTE2XkEyXkFqcGdeQXVyNjUwMzI2NzU@._V1_FMjpg_UX1000_.jpg
25;La vita � bella;1997;War;Italy;Roberto Benigni;Roberto Benigni;https://www.imdb.com/title/tt0118799;https://m.media-amazon.com/images/M/MV5BYmJmM2Q4NmMtYThmNC00ZjRlLWEyZmItZTIwOTBlZDQ3NTQ1XkEyXkFqcGdeQXVyMTQxNzMzNDI@._V1_FMjpg_UX1000_.jpg
26;The Usual Suspects;1995;Thriller;USA;Bryan Singer;Kevin Spacey;https://www.imdb.com/title/tt0114814;https://m.media-amazon.com/images/M/MV5BYTViNjMyNmUtNDFkNC00ZDRlLThmMDUtZDU2YWE4NGI2ZjVmXkEyXkFqcGdeQXVyNjU0OTQ0OTY@._V1_FMjpg_UX1000_.jpg
27;Sen to Chihiro no kamikakushi;2001;Adventure;Japan;Hayao Miyazaki;Daveigh Chase;https://www.imdb.com/title/tt0245429;https://m.media-amazon.com/images/M/MV5BMjlmZmI5MDctNDE2YS00YWE0LWE5ZWItZDBhYWQ0NTcxNWRhXkEyXkFqcGdeQXVyMTMxODk2OTU@._V1_FMjpg_UX1000_.jpg
28;Saving Private Ryan;1998;Drama;USA;Steven Spielberg;Tom Hanks;https://www.imdb.com/title/tt0120815;https://m.media-amazon.com/images/M/MV5BZjhkMDM4MWItZTVjOC00ZDRhLThmYTAtM2I5NzBmNmNlMzI1XkEyXkFqcGdeQXVyNDYyMDk5MTU@._V1_FMjpg_UX1000_.jpg
29;L�on;1994;Drama;France;Luc Besson;Jean Reno;https://www.imdb.com/title/tt0110413;https://m.media-amazon.com/images/M/MV5BOTgyMWQ0ZWUtN2Q2MS00NmY0LWI3OWMtNjFkMzZlNDZjNTk0XkEyXkFqcGdeQXVyMjUzOTY1NTc@._V1_FMjpg_UX1000_.jpg
30;Spider-Man: Into the Spider-Verse;2018;Comedy;USA;Bob Persichetti;Shameik Moore;https://www.imdb.com/title/tt4633694;https://m.media-amazon.com/images/M/MV5BMjMwNDkxMTgzOF5BMl5BanBnXkFtZTgwNTkwNTQ3NjM@._V1_FMjpg_UX1000_.jpg
31;The Green Mile;1999;Drama;USA;Frank Darabont;Tom Hanks;https://www.imdb.com/title/tt0120689;https://m.media-amazon.com/images/M/MV5BMTUxMzQyNjA5MF5BMl5BanBnXkFtZTYwOTU2NTY3._V1_FMjpg_UX1000_.jpg
32;Interstellar;2014;Drama;USA;Christopher Nolan;Matthew McConaughey;https://www.imdb.com/title/tt0816692;https://m.media-amazon.com/images/M/MV5BMjJmM2RkZjUtYzk2OC00NzczLWI0ZWMtZjU1MDg2MmNiZjc4XkEyXkFqcGdeQXVyOTgxMDMxNTc@._V1_FMjpg_UX1000_.jpg
33;Psycho;1960;Thriller;USA;Alfred Hitchcock;Anthony Perkins;https://www.imdb.com/title/tt0054215;https://m.media-amazon.com/images/M/MV5BNTQwNDM1YzItNDAxZC00NWY2LTk0M2UtNDIwNWI5OGUyNWUxXkEyXkFqcGdeQXVyNzkwMjQ5NzM@._V1_FMjpg_UX1000_.jpg
34;American History X;1998;Drama;USA;Tony Kaye;Edward Norton;https://www.imdb.com/title/tt0120586;https://m.media-amazon.com/images/M/MV5BZTJhN2FkYWEtMGI0My00YWM4LWI2MjAtM2UwNjY4MTI2ZTQyXkEyXkFqcGdeQXVyNjc3MjQzNTI@._V1_FMjpg_UX1000_.jpg
35;City Lights;1931;Drama;USA;Charles Chaplin;Charles Chaplin;https://www.imdb.com/title/tt0021749;https://m.media-amazon.com/images/M/MV5BY2I4MmM1N2EtM2YzOS00OWUzLTkzYzctNDc5NDg2N2IyODJmXkEyXkFqcGdeQXVyNzkwMjQ5NzM@._V1_FMjpg_UX1000_.jpg
36;C'era una volta il West;1968;Western;Italy;Sergio Leone;Henry Fonda;https://www.imdb.com/title/tt0064116;https://m.media-amazon.com/images/M/MV5BODQ3NDExOGYtMzI3Mi00NWRlLTkwNjAtNjc4MDgzZGJiZTA1XkEyXkFqcGdeQXVyMjUzOTY1NTc@._V1_FMjpg_UX1000_.jpg
37;Casablanca;1942;War;USA;Michael Curtiz;Humphrey Bogart;https://www.imdb.com/title/tt0034583;https://m.media-amazon.com/images/M/MV5BY2IzZGY2YmEtYzljNS00NTM5LTgwMzUtMzM1NjQ4NGI0OTk0XkEyXkFqcGdeQXVyNDYyMDk5MTU@._V1_FMjpg_UX1000_.jpg
38;Modern Times;1936;Drama;USA;Charles Chaplin;Charles Chaplin;https://www.imdb.com/title/tt0027977;https://m.media-amazon.com/images/M/MV5BYjJiZjMzYzktNjU0NS00OTkxLWEwYzItYzdhYWJjN2QzMTRlL2ltYWdlL2ltYWdlXkEyXkFqcGdeQXVyNjU0OTQ0OTY@._V1_FMjpg_UX1000_.jpg
39;The Pianist;2002;Drama;France;Roman Polanski;Adrien Brody;https://www.imdb.com/title/tt0253474;https://m.media-amazon.com/images/M/MV5BOWRiZDIxZjktMTA1NC00MDQ2LWEzMjUtMTliZmY3NjQ3ODJiXkEyXkFqcGdeQXVyNjU0OTQ0OTY@._V1_FMjpg_UX1000_.jpg
40;Intouchables;2011;Drama;France;Olivier Nakache;Fran�ois Cluzet;https://www.imdb.com/title/tt1675434;https://m.media-amazon.com/images/M/MV5BMTYxNDA3MDQwNl5BMl5BanBnXkFtZTcwNTU4Mzc1Nw@@._V1_FMjpg_UX1000_.jpg
41;The Departed;2006;Drama;Hong Kong;Martin Scorsese;Leonardo DiCaprio;https://www.imdb.com/title/tt0407887;https://m.media-amazon.com/images/M/MV5BMTI1MTY2OTIxNV5BMl5BanBnXkFtZTYwNjQ4NjY3._V1_FMjpg_UX1000_.jpg
42;Terminator 2: Judgment Day;1991;Action;France;James Cameron;Arnold Schwarzenegger;https://www.imdb.com/title/tt0103064;https://m.media-amazon.com/images/M/MV5BMGU2NzRmZjUtOGUxYS00ZjdjLWEwZWItY2NlM2JhNjkxNTFmXkEyXkFqcGdeQXVyNjU0OTQ0OTY@._V1_FMjpg_UX1000_.jpg
43;Back to the Future;1985;Comedy;USA;Robert Zemeckis;Michael J. Fox;https://www.imdb.com/title/tt0088763;https://m.media-amazon.com/images/M/MV5BZmU0M2Y1OGUtZjIxNi00ZjBkLTg1MjgtOWIyNThiZWIwYjRiXkEyXkFqcGdeQXVyMTQxNzMzNDI@._V1_FMjpg_UX1000_.jpg
44;Whiplash;2014;Drama;USA;Damien Chazelle;Miles Teller;https://www.imdb.com/title/tt2582802;https://m.media-amazon.com/images/M/MV5BOTA5NDZlZGUtMjAxOS00YTRkLTkwYmMtYWQ0NWEwZDZiNjEzXkEyXkFqcGdeQXVyMTMxODk2OTU@._V1_FMjpg_UX1000_.jpg
45;Rear Window;1954;Thriller;USA;Alfred Hitchcock;James Stewart;https://www.imdb.com/title/tt0047396;https://m.media-amazon.com/images/M/MV5BNGUxYWM3M2MtMGM3Mi00ZmRiLWE0NGQtZjE5ODI2OTJhNTU0XkEyXkFqcGdeQXVyMTQxNzMzNDI@._V1_FMjpg_UX1000_.jpg
46;Raiders of the Lost Ark;1981;Adventure;USA;Steven Spielberg;Harrison Ford;https://www.imdb.com/title/tt0082971;https://m.media-amazon.com/images/M/MV5BODMzYzU3NmMtMDQ4ZC00MDRiLTgwN2QtMTY1NzA3YmRhMzJmXkEyXkFqcGdeQXVyNjMzMDgxMzk@._V1_FMjpg_UX1000_.jpg
47;The Lion King�;1994;Adventure;USA;Roger Allers;Donald Glover;https://www.imdb.com/title/tt0110357;https://m.media-amazon.com/images/M/MV5BYTYxNGMyZTYtMjE3MS00MzNjLWFjNmYtMDk3N2FmM2JiM2M1XkEyXkFqcGdeQXVyNjY5NDU4NzI@._V1_FMjpg_UX1000_.jpg
48;Gladiator;2000;Drama;USA;Ridley Scott;Russell Crowe;https://www.imdb.com/title/tt0172495;https://m.media-amazon.com/images/M/MV5BMDliMmNhNDEtODUyOS00MjNlLTgxODEtN2U3NzIxMGVkZTA1L2ltYWdlXkEyXkFqcGdeQXVyNjU0OTQ0OTY@._V1_FMjpg_UX1000_.jpg
49;The Prestige;2006;Drama;USA;Christopher Nolan;Christian Bale;https://www.imdb.com/title/tt0482571;https://m.media-amazon.com/images/M/MV5BMzZhOTVmOTEtZGIxZS00MmExLTk1OWItOTFhMzNjNzNiN2M4XkEyXkFqcGdeQXVyOTU2NDAzNDE@._V1_FMjpg_UX1000_.jpg
50;Apocalypse Now;1979;Drama;USA;Francis Ford Coppola;Martin Sheen;https://www.imdb.com/title/tt0078788;https://m.media-amazon.com/images/M/MV5BZjFmNzhmZTAtMzdkMC00MTRiLTkwZjgtYmExZTMwN2U5YTRhXkEyXkFqcGdeQXVyMjI0NTA4NzA@._V1_FMjpg_UX1000_.jpg
51;Memento;2000;Thriller;USA;Christopher Nolan;Guy Pearce;https://www.imdb.com/title/tt0209144;https://m.media-amazon.com/images/M/MV5BZTcyNjk1MjgtOWI3Mi00YzQwLWI5MTktMzY4ZmI2NDAyNzYzXkEyXkFqcGdeQXVyNjU0OTQ0OTY@._V1_FMjpg_UX1000_.jpg
52;Alien;1979;Horror;USA;Ridley Scott;Sigourney Weaver;https://www.imdb.com/title/tt0078748;https://m.media-amazon.com/images/M/MV5BOGQ1NmFmZjktNTBjNS00YmEwLWIzYWUtYTQ5NzY2ZGVkYTdmXkEyXkFqcGdeQXVyMjI0NTA4NzA@._V1_FMjpg_UX1000_.jpg
53;The Great Dictator;1940;Drama;USA;Charles Chaplin;Charles Chaplin;https://www.imdb.com/title/tt0032553;https://m.media-amazon.com/images/M/MV5BMmExYWJjNTktNGUyZS00ODhmLTkxYzAtNWIzOGEyMGNiMmUwXkEyXkFqcGdeQXVyNjU0OTQ0OTY@._V1_FMjpg_UX1000_.jpg
54;Nuovo Cinema Paradiso;1988;Drama;Italy;Giuseppe Tornatore;Philippe Noiret;https://www.imdb.com/title/tt0095765;https://m.media-amazon.com/images/M/MV5BM2FhYjEyYmYtMDI1Yy00YTdlLWI2NWQtYmEzNzAxOGY1NjY2XkEyXkFqcGdeQXVyNTA3NTIyNDg@._V1_FMjpg_UX1000_.jpg
55;Hotaru no haka;1988;War;Japan;Isao Takahata;Tsutomu Tatsumi;https://www.imdb.com/title/tt0095327;https://m.media-amazon.com/images/M/MV5BZmY2NjUzNDQtNTgxNC00M2Q4LTljOWQtMjNjNDBjNWUxNmJlXkEyXkFqcGdeQXVyNTA4NzY1MzY@._V1_FMjpg_UX1000_.jpg
56;Avengers: Infinity War;2018;Adventure;USA;Anthony Russo;Robert Downey Jr.;https://www.imdb.com/title/tt4154756;https://m.media-amazon.com/images/M/MV5BMjMxNjY2MDU1OV5BMl5BanBnXkFtZTgwNzY1MTUwNTM@._V1_FMjpg_UX1000_.jpg
57;Sunset Blvd.;1950;Drama;USA;Billy Wilder;William Holden;https://www.imdb.com/title/tt0043014;https://m.media-amazon.com/images/M/MV5BMTU0NTkyNzYwMF5BMl5BanBnXkFtZTgwMDU0NDk5MTI@._V1_FMjpg_UX1000_.jpg
58;Das Leben der Anderen;2006;Drama;Germany;Florian Henckel von Donnersmarck;Ulrich M�he;https://www.imdb.com/title/tt0405094;https://m.media-amazon.com/images/M/MV5BNmQyNmJjM2ItNTQzYi00ZjMxLWFjMDYtZjUyN2YwZDk5YWQ2XkEyXkFqcGdeQXVyMjUzOTY1NTc@._V1_FMjpg_UX1000_.jpg
59;Dr. Strangelove or: How I Learned to Stop Worrying and Love the Bomb;1964;Comedy;USA;Stanley Kubrick;Peter Sellers;https://www.imdb.com/title/tt0057012;https://m.media-amazon.com/images/M/MV5BMWMxYjZkOWUtM2FjMi00MmI1LThkNzQtNTM5Y2E2ZGQ2NGFhXkEyXkFqcGdeQXVyMTA0MTM5NjI2._V1_FMjpg_UX1000_.jpg
60;Paths of Glory;1957;Drama;USA;Stanley Kubrick;Kirk Douglas;https://www.imdb.com/title/tt0050825;https://m.media-amazon.com/images/M/MV5BOTI5Nzc0OTMtYzBkMS00NjkxLThmM2UtNjM2ODgxN2M5NjNkXkEyXkFqcGdeQXVyNjQ2MjQ5NzM@._V1_FMjpg_UX1000_.jpg
61;The Shining;1980;Horror;USA;Stanley Kubrick;Jack Nicholson;https://www.imdb.com/title/tt0081505;https://m.media-amazon.com/images/M/MV5BZWFlYmY2MGEtZjVkYS00YzU4LTg0YjQtYzY1ZGE3NTA5NGQxXkEyXkFqcGdeQXVyMTQxNzMzNDI@._V1_FMjpg_UX1000_.jpg
62;Django Unchained;2012;Western;USA;Quentin Tarantino;Jamie Foxx;https://www.imdb.com/title/tt1853728;https://m.media-amazon.com/images/M/MV5BYWZmMmFiYWUtMzkxMC00ZWI2LTg5MGItODBjNmRhOGM4YmNmXkEyXkFqcGdeQXVyOTU2NDAzNDE@._V1_FMjpg_UX1000_.jpg
63;WALL E;2008;Adventure;USA;Andrew Stanton;Ben Burtt;https://www.imdb.com/title/tt0910970;https://m.media-amazon.com/images/M/MV5BMjExMTg5OTU0NF5BMl5BanBnXkFtZTcwMjMxMzMzMw@@._V1_FMjpg_UX1000_.jpg
64;Mononoke-hime;1997;Adventure;Japan;Hayao Miyazaki;Y�ji Matsuda;https://www.imdb.com/title/tt0119698;https://m.media-amazon.com/images/M/MV5BNTZkYmI0MmEtNGFlZC00OWZjLWFjMmItMjk1OWZkOWJiZGVjXkEyXkFqcGdeQXVyMTMxODk2OTU@._V1_FMjpg_UX1000_.jpg
65;Witness for the Prosecution;1957;Drama;USA;Billy Wilder;Tyrone Power;https://www.imdb.com/title/tt0051201;https://m.media-amazon.com/images/M/MV5BNDQwODU5OWYtNDcyNi00MDQ1LThiOGMtZDkwNWJiM2Y3MDg0XkEyXkFqcGdeQXVyMDI2NDg0NQ@@._V1_FMjpg_UX1000_.jpg
66;American Beauty;1999;Drama;USA;Sam Mendes;Kevin Spacey;https://www.imdb.com/title/tt0169547;https://m.media-amazon.com/images/M/MV5BNTBmZWJkNjctNDhiNC00MGE2LWEwOTctZTk5OGVhMWMyNmVhXkEyXkFqcGdeQXVyMTMxODk2OTU@._V1_FMjpg_UX1000_.jpg
67;The Dark Knight Rises;2012;Action;USA;Christopher Nolan;Christian Bale;https://www.imdb.com/title/tt1345836;https://m.media-amazon.com/images/M/MV5BMTk4ODQzNDY3Ml5BMl5BanBnXkFtZTcwODA0NTM4Nw@@._V1_FMjpg_UX1000_.jpg
68;Oldeuboi;2003;Thriller;South Korea;Chan-wook Park;Choi Min-sik;https://www.imdb.com/title/tt0364569;https://m.media-amazon.com/images/M/MV5BMTI3NTQyMzU5M15BMl5BanBnXkFtZTcwMTM2MjgyMQ@@._V1_FMjpg_UX1000_.jpg
69;Aliens;1986;Adventure;USA;James Cameron;Sigourney Weaver;https://www.imdb.com/title/tt0090605;https://m.media-amazon.com/images/M/MV5BMWY3MzYwNjQtZGVhYi00ODhiLWFjMzYtZDhlM2E5OGNhYmQzXkEyXkFqcGdeQXVyMjI0NTA4NzA@._V1_FMjpg_UX1000_.jpg
70;Once Upon a Time in America;1984;Drama;Italy;Sergio Leone;Robert De Niro;https://www.imdb.com/title/tt0087843;https://m.media-amazon.com/images/M/MV5BYTBmNzM1YTMtYTRmMC00NTE1LThiNGUtMzVkZWFlZjQ5YzBmXkEyXkFqcGdeQXVyMjI0NTA4NzA@._V1_FMjpg_UX1000_.jpg
71;Coco;2017;Comedy;USA;Lee Unkrich;Anthony Gonzalez;https://www.imdb.com/title/tt2380307;https://m.media-amazon.com/images/M/MV5BYjQ5NjM0Y2YtNjZkNC00ZDhkLWJjMWItN2QyNzFkMDE3ZjAxXkEyXkFqcGdeQXVyODIxMzk5NjA@._V1_FMjpg_UX1000_.jpg
72;Das Boot;1981;War;West Germany;Wolfgang Petersen;J�rgen Prochnow;https://www.imdb.com/title/tt0082096;https://m.media-amazon.com/images/M/MV5BNDBjMWUxNTUtNjZiNi00YzJhLTgzNzUtMTRiY2FkZmMzYTNjXkEyXkFqcGdeQXVyMTUzMDUzNTI3._V1_FMjpg_UX1000_.jpg
73;Citizen Kane;1941;Drama;USA;Orson Welles;Orson Welles;https://www.imdb.com/title/tt0033467;https://m.media-amazon.com/images/M/MV5BYjBiOTYxZWItMzdiZi00NjlkLWIzZTYtYmFhZjhiMTljOTdkXkEyXkFqcGdeQXVyNzkwMjQ5NzM@._V1_FMjpg_UX1000_.jpg
74;Braveheart;1995;Drama;USA;Mel Gibson;Mel Gibson;https://www.imdb.com/title/tt0112573;https://m.media-amazon.com/images/M/MV5BYmZjM2IwNWQtMTEyMC00ZGQzLWI1ZDYtM2IxOWY5MDhiNjBkXkEyXkFqcGdeQXVyMjI0NTA4NzA@._V1_FMjpg_UX1000_.jpg
75;Vertigo;1958;Thriller;USA;Alfred Hitchcock;James Stewart;https://www.imdb.com/title/tt0052357;https://m.media-amazon.com/images/M/MV5BYTE4ODEwZDUtNDFjOC00NjAxLWEzYTQtYTI1NGVmZmFlNjdiL2ltYWdlL2ltYWdlXkEyXkFqcGdeQXVyNjc1NTYyMjg@._V1_FMjpg_UX1000_.jpg
76;North by Northwest;1959;Thriller;USA;Alfred Hitchcock;Cary Grant;https://www.imdb.com/title/tt0053125;https://m.media-amazon.com/images/M/MV5BZDA3NDExMTUtMDlhOC00MmQ5LWExZGUtYmI1NGVlZWI4OWNiXkEyXkFqcGdeQXVyNjc1NTYyMjg@._V1_FMjpg_UX1000_.jpg
77;Reservoir Dogs;1992;Drama;USA;Quentin Tarantino;Harvey Keitel;https://www.imdb.com/title/tt0105236;https://m.media-amazon.com/images/M/MV5BZmExNmEwYWItYmQzOS00YjA5LTk2MjktZjEyZDE1Y2QxNjA1XkEyXkFqcGdeQXVyMTQxNzMzNDI@._V1_FMjpg_UX1000_.jpg
78;Star Wars: Episode VI - Return of the Jedi;1983;Adventure;USA;Richard Marquand;Mark Hamill;https://www.imdb.com/title/tt0086190;https://m.media-amazon.com/images/M/MV5BMWFlNmMyYjctZjA4NC00ZDRkLWE2N2MtZjhiMDgyMDI0MjU3XkEyXkFqcGdeQXVyOTU2NDAzNDE@._V1_FMjpg_UX1000_.jpg
79;M - Eine Stadt sucht einen M�rder;1931;Thriller;Germany;Fritz Lang;Peter Lorre;https://www.imdb.com/title/tt0022100;https://m.media-amazon.com/images/M/MV5BODA4ODk3OTEzMF5BMl5BanBnXkFtZTgwMTQ2ODMwMzE@._V1_FMjpg_UX1000_.jpg
80;Kimi no na wa.;2016;Romance;Japan;Makoto Shinkai;Ryunosuke Kamiki;https://www.imdb.com/title/tt5311514;https://m.media-amazon.com/images/M/MV5BODRmZDVmNzUtZDA4ZC00NjhkLWI2M2UtN2M0ZDIzNDcxYThjL2ltYWdlXkEyXkFqcGdeQXVyNTk0MzMzODA@._V1_FMjpg_UX1000_.jpg
81;Amadeus;1984;Drama;France;Milos Forman;F. Murray Abraham;https://www.imdb.com/title/tt0086879;https://m.media-amazon.com/images/M/MV5BNWJlNzUzNGMtYTAwMS00ZjI2LWFmNWQtODcxNWUxODA5YmU1XkEyXkFqcGdeQXVyNTIzOTk5ODM@._V1_FMjpg_UX1000_.jpg
82;Requiem for a Dream;2000;Drama;USA;Darren Aronofsky;Ellen Burstyn;https://www.imdb.com/title/tt0180093;https://m.media-amazon.com/images/M/MV5BOTdiNzJlOWUtNWMwNS00NmFlLWI0YTEtZmI3YjIzZWUyY2Y3XkEyXkFqcGdeQXVyNjU0OTQ0OTY@._V1_FMjpg_UX1000_.jpg
83;Dangal;2016;Drama;India;Nitesh Tiwari;Aamir Khan;https://www.imdb.com/title/tt5074352;https://m.media-amazon.com/images/M/MV5BMTQ4MzQzMzM2Nl5BMl5BanBnXkFtZTgwMTQ1NzU3MDI@._V1_FMjpg_UX1000_.jpg
84;Taare Zameen Par;2007;Drama;India;Aamir Khan;Aamir Khan;https://www.imdb.com/title/tt0986264;https://m.media-amazon.com/images/M/MV5BMDhjZWViN2MtNzgxOS00NmI4LThiZDQtZDI3MzM4MDE4NTc0XkEyXkFqcGdeQXVyMTMxODk2OTU@._V1_FMjpg_UX1000_.jpg
85;Lawrence of Arabia;1962;Biography;UK;David Lean;Peter O'Toole;https://www.imdb.com/title/tt0056172;https://m.media-amazon.com/images/M/MV5BYWY5ZjhjNGYtZmI2Ny00ODM0LWFkNzgtZmI1YzA2N2MxMzA0XkEyXkFqcGdeQXVyNjUwNzk3NDc@._V1_FMjpg_UX1000_.jpg
86;Eternal Sunshine of the Spotless Mind;2004;Romance;USA;Michel Gondry;Jim Carrey;https://www.imdb.com/title/tt0338013;https://m.media-amazon.com/images/M/MV5BNjIxMTEzOTUtYWJhYS00MDQwLThmNmItYzkyN2MzZGVkZmM1XkEyXkFqcGdeQXVyOTU2NDAzNDE@._V1_FMjpg_UX1000_.jpg
87;A Clockwork Orange;1971;Drama;USA;Stanley Kubrick;Malcolm McDowell;https://www.imdb.com/title/tt0066921;https://m.media-amazon.com/images/M/MV5BMTY3MjM1Mzc4N15BMl5BanBnXkFtZTgwODM0NzAxMDE@._V1_FMjpg_UX1000_.jpg
88;3 Idiots;2009;Drama;India;Rajkumar Hirani;Aamir Khan;https://www.imdb.com/title/tt1187043;https://m.media-amazon.com/images/M/MV5BNTkyOGVjMGEtNmQzZi00NzFlLTlhOWQtODYyMDc2ZGJmYzFhXkEyXkFqcGdeQXVyNjU0OTQ0OTY@._V1_FMjpg_UX1000_.jpg
89;2001: A Space Odyssey;1968;Adventure;USA;Stanley Kubrick;Keir Dullea;https://www.imdb.com/title/tt0062622;https://m.media-amazon.com/images/M/MV5BMmNlYzRiNDctZWNhMi00MzI4LThkZTctMTUzMmZkMmFmNThmXkEyXkFqcGdeQXVyNzkwMjQ5NzM@._V1_FMjpg_UX1000_.jpg
90;Le fabuleux destin d'Am�lie Poulain;2001;Comedy;France;Jean-Pierre Jeunet;Audrey Tautou;https://www.imdb.com/title/tt0211915;https://m.media-amazon.com/images/M/MV5BNDg4NjM1YjMtYmNhZC00MjM0LWFiZmYtNGY1YjA3MzZmODc5XkEyXkFqcGdeQXVyNDk3NzU2MTQ@._V1_FMjpg_UX1000_.jpg
91;Toy Story;1995;Comedy;USA;John Lasseter;Tom Hanks;https://www.imdb.com/title/tt0114709;https://m.media-amazon.com/images/M/MV5BMDU2ZWJlMjktMTRhMy00ZTA5LWEzNDgtYmNmZTEwZTViZWJkXkEyXkFqcGdeQXVyNDQ2OTk4MzI@._V1_FMjpg_UX1000_.jpg
92;Double Indemnity;1944;Drama;USA;Billy Wilder;Fred MacMurray;https://www.imdb.com/title/tt0036775;https://m.media-amazon.com/images/M/MV5BOTdlNjgyZGUtOTczYi00MDdhLTljZmMtYTEwZmRiOWFkYjRhXkEyXkFqcGdeQXVyNDY2MTk1ODk@._V1_FMjpg_UX1000_.jpg
93;Taxi Driver;1976;Drama;USA;Martin Scorsese;Robert De Niro;https://www.imdb.com/title/tt0075314;https://m.media-amazon.com/images/M/MV5BM2M1MmVhNDgtNmI0YS00ZDNmLTkyNjctNTJiYTQ2N2NmYzc2XkEyXkFqcGdeQXVyNzkwMjQ5NzM@._V1_FMjpg_UX1000_.jpg
94;Singin' in the Rain;1952;Comedy;USA;Stanley Donen;Gene Kelly;https://www.imdb.com/title/tt0045152;https://m.media-amazon.com/images/M/MV5BZDRjNGViMjQtOThlMi00MTA3LThkYzQtNzJkYjBkMGE0YzE1XkEyXkFqcGdeQXVyNDYyMDk5MTU@._V1_FMjpg_UX1000_.jpg
95;Inglourious Basterds;2009;War;USA;Quentin Tarantino;Brad Pitt;https://www.imdb.com/title/tt0361748;https://m.media-amazon.com/images/M/MV5BZTlkNTNhNGUtNzg5Mi00YzMwLTlmNTMtMTk1Zjk2ZDZmZGViXkEyXkFqcGdeQXVyOTU2NDAzNDE@._V1_FMjpg_UX1000_.jpg
96;Full Metal Jacket;1987;Drama;USA;Stanley Kubrick;Matthew Modine;https://www.imdb.com/title/tt0093058;https://m.media-amazon.com/images/M/MV5BNzkxODk0NjEtYjc4Mi00ZDI0LTgyYjEtYzc1NDkxY2YzYTgyXkEyXkFqcGdeQXVyNzkwMjQ5NzM@._V1_FMjpg_UX1000_.jpg
97;To Kill a Mockingbird;1962;Drama;USA;Robert Mulligan;Gregory Peck;https://www.imdb.com/title/tt0056592;https://m.media-amazon.com/images/M/MV5BNmVmYzcwNzMtMWM1NS00MWIyLThlMDEtYzUwZDgzODE1NmE2XkEyXkFqcGdeQXVyNzkwMjQ5NzM@._V1_FMjpg_UX1000_.jpg
98;Ladri di biciclette;1948;Drama;Italy;Vittorio De Sica;Lamberto Maggiorani;https://www.imdb.com/title/tt0040522;https://m.media-amazon.com/images/M/MV5BNmI1ODdjODctMDlmMC00ZWViLWI5MzYtYzRhNDdjYmM3MzFjXkEyXkFqcGdeQXVyMTMxODk2OTU@._V1_FMjpg_UX1000_.jpg
99;The Kid;1921;Drama;USA;Charles Chaplin;Charles Chaplin;https://www.imdb.com/title/tt0012349;https://m.media-amazon.com/images/M/MV5BZjhhMThhNDItNTY2MC00MmU1LTliNDEtNDdhZjdlNTY5ZDQ1XkEyXkFqcGdeQXVyNjc1NTYyMjg@._V1_FMjpg_UX1000_.jpg
100;The Sting;1973;Drama;USA;George Roy Hill;Paul Newman;https://www.imdb.com/title/tt0070735;https://m.media-amazon.com/images/M/MV5BNGU3NjQ4YTMtZGJjOS00YTQ3LThmNmItMTI5MDE2ODI3NzY3XkEyXkFqcGdeQXVyMjUzOTY1NTc@._V1_FMjpg_UX1000_.jpg
101;Good Will Hunting;1997;Romance;USA;Gus Van Sant;Robin Williams;https://www.imdb.com/title/tt0119217;https://m.media-amazon.com/images/M/MV5BOTI0MzcxMTYtZDVkMy00NjY1LTgyMTYtZmUxN2M3NmQ2NWJhXkEyXkFqcGdeQXVyMTQxNzMzNDI@._V1_FMjpg_UX1000_.jpg
102;Toy Story 3;2010;Comedy;USA;Lee Unkrich;Tom Hanks;https://www.imdb.com/title/tt0435761;https://m.media-amazon.com/images/M/MV5BNDZiYTJlMjUtNDgxZS00ZmRjLWFmNWYtZmQ1ODllNGZlNmU5XkEyXkFqcGdeQXVyOTgxMDMxNTc@._V1_FMjpg_UX1000_.jpg
103;Jagten;2012;Drama;Sweden;Thomas Vinterberg;Mads Mikkelsen;https://www.imdb.com/title/tt2106476;https://m.media-amazon.com/images/M/MV5BMTg2NDg3ODg4NF5BMl5BanBnXkFtZTcwNzk3NTc3Nw@@._V1_FMjpg_UX1000_.jpg
104;Snatch;2000;Comedy;USA;Guy Ritchie;Jason Statham;https://www.imdb.com/title/tt0208092;https://m.media-amazon.com/images/M/MV5BMTA2NDYxOGYtYjU1Mi00Y2QzLTgxMTQtMWI1MGI0ZGQ5MmU4XkEyXkFqcGdeQXVyNDk3NzU2MTQ@._V1_FMjpg_UX1000_.jpg
105;Scarface;1983;Drama;USA;Brian De Palma;Al Pacino;https://www.imdb.com/title/tt0086250;https://m.media-amazon.com/images/M/MV5BZDVmY2M3MGEtYjY2Yi00YTYwLWE4YmMtZjkwMzlkMjY2MWIwXkEyXkFqcGdeQXVyMjI0NTA4NzA@._V1_FMjpg_UX1000_.jpg
106;Monty Python and the Holy Grail;1975;Comedy;UK;Terry Gilliam;Graham Chapman;https://www.imdb.com/title/tt0071853;https://m.media-amazon.com/images/M/MV5BN2IyNTE4YzUtZWU0Mi00MGIwLTgyMmQtMzQ4YzQxYWNlYWE2XkEyXkFqcGdeQXVyNjU0OTQ0OTY@._V1_FMjpg_UX1000_.jpg
107;Per qualche dollaro in pi�;1965;Western;West Germany;Sergio Leone;Clint Eastwood;https://www.imdb.com/title/tt0059578;https://m.media-amazon.com/images/M/MV5BNmM5M2I0NGMtMzhhMi00NmRiLWE1NTYtOTI4MWVkYjBlZGU3XkEyXkFqcGdeQXVyMjI0NTA4NzA@._V1_FMjpg_UX1000_.jpg
108;L.A. Confidential;1997;Drama;USA;Curtis Hanson;Kevin Spacey;https://www.imdb.com/title/tt0119488;https://m.media-amazon.com/images/M/MV5BMDQ2YzEyZGItYWRhOS00MjBmLTkzMDUtMTdjYzkyMmQxZTJlXkEyXkFqcGdeQXVyNjU0OTQ0OTY@._V1_FMjpg_UX1000_.jpg
109;The Apartment;1960;Romance;USA;Billy Wilder;Jack Lemmon;https://www.imdb.com/title/tt0053604;https://m.media-amazon.com/images/M/MV5BNzkwODFjNzItMmMwNi00MTU5LWE2MzktM2M4ZDczZGM1MmViXkEyXkFqcGdeQXVyNDY2MTk1ODk@._V1_FMjpg_UX1000_.jpg
110;Metropolis;1927;Drama;Germany;Fritz Lang;Brigitte Helm;https://www.imdb.com/title/tt0017136;https://m.media-amazon.com/images/M/MV5BMTg5YWIyMWUtZDY5My00Zjc1LTljOTctYmI0MWRmY2M2NmRkXkEyXkFqcGdeQXVyMTMxODk2OTU@._V1_FMjpg_UX1000_.jpg
111;Jodaeiye Nader az Simin;2011;Drama;Iran;Asghar Farhadi;Payman Maadi;https://www.imdb.com/title/tt1832382;https://m.media-amazon.com/images/M/MV5BN2JmMjViMjMtZTM5Mi00ZGZkLTk5YzctZDg5MjFjZDE4NjNkXkEyXkFqcGdeQXVyMTMxODk2OTU@._V1_FMjpg_UX1000_.jpg
112;Indiana Jones and the Last Crusade;1989;Adventure;USA;Steven Spielberg;Harrison Ford;https://www.imdb.com/title/tt0097576;https://m.media-amazon.com/images/M/MV5BY2Q0ODg4ZmItNDZiYi00ZWY5LTg2NzctNmYwZjA5OThmNzE1XkEyXkFqcGdeQXVyMjM4MzQ4OTQ@._V1_FMjpg_UX1000_.jpg
113;Rash�mon;1950;Drama;Japan;Akira Kurosawa;Toshir� Mifune;https://www.imdb.com/title/tt0042876;https://m.media-amazon.com/images/M/MV5BMTk1MDU5MjQ5NF5BMl5BanBnXkFtZTgwMDM2OTE4MzE@._V1_FMjpg_UX1000_.jpg
114;Up;2009;Adventure;USA;Pete Docter;Edward Asner;https://www.imdb.com/title/tt1049413;https://m.media-amazon.com/images/M/MV5BY2JiNDliN2ItODY3OS00ZGJmLWI1NjEtMGVhNmRjZGI1MWZjXkEyXkFqcGdeQXVyOTgxMDMxNTc@._V1_FMjpg_UX1000_.jpg
115;All About Eve;1950;Drama;USA;Joseph L. Mankiewicz;Bette Davis;https://www.imdb.com/title/tt0042192;https://m.media-amazon.com/images/M/MV5BMTY2MTAzODI5NV5BMl5BanBnXkFtZTgwMjM4NzQ0MjE@._V1_FMjpg_UX1000_.jpg
116;Batman Begins;2005;Adventure;USA;Christopher Nolan;Christian Bale;https://www.imdb.com/title/tt0372784;https://m.media-amazon.com/images/M/MV5BOTY4YjI2N2MtYmFlMC00ZjcyLTg3YjEtMDQyM2ZjYzQ5YWFkXkEyXkFqcGdeQXVyMTQxNzMzNDI@._V1_FMjpg_UX1000_.jpg
117;Y�jinb�;1961;Drama;Japan;Akira Kurosawa;Toshir� Mifune;https://www.imdb.com/title/tt0055630;https://m.media-amazon.com/images/M/MV5BZThiZjAzZjgtNDU3MC00YThhLThjYWUtZGRkYjc2ZWZlOTVjXkEyXkFqcGdeQXVyNTA4NzY1MzY@._V1_FMjpg_UX1000_.jpg
118;Some Like It Hot;1959;Comedy;USA;Billy Wilder;Marilyn Monroe;https://www.imdb.com/title/tt0053291;https://m.media-amazon.com/images/M/MV5BNzAyOGIxYjAtMGY2NC00ZTgyLWIwMWEtYzY0OWQ4NDFjOTc5XkEyXkFqcGdeQXVyNjU0OTQ0OTY@._V1_FMjpg_UX1000_.jpg
119;Unforgiven;1992;Western;USA;Clint Eastwood;Clint Eastwood;https://www.imdb.com/title/tt0105695;https://m.media-amazon.com/images/M/MV5BODM3YWY4NmQtN2Y3Ni00OTg0LWFhZGQtZWE3ZWY4MTJlOWU4XkEyXkFqcGdeQXVyNjU0OTQ0OTY@._V1_FMjpg_UX1000_.jpg
120;Der Untergang;2004;Drama;Italy;Oliver Hirschbiegel;Bruno Ganz;https://www.imdb.com/title/tt0363163;https://m.media-amazon.com/images/M/MV5BMTU0NTU5NTAyMl5BMl5BanBnXkFtZTYwNzYwMDg2._V1_FMjpg_UX1000_.jpg
121;Die Hard;1988;Action;USA;John McTiernan;Bruce Willis;https://www.imdb.com/title/tt0095016;https://m.media-amazon.com/images/M/MV5BZjRlNDUxZjAtOGQ4OC00OTNlLTgxNmQtYTBmMDgwZmNmNjkxXkEyXkFqcGdeQXVyNzkwMjQ5NzM@._V1_FMjpg_UX1000_.jpg
122;The Treasure of the Sierra Madre;1948;Western;USA;John Huston;Humphrey Bogart;https://www.imdb.com/title/tt0040897;https://m.media-amazon.com/images/M/MV5BOTJlZWMxYzEtMjlkMS00ODE0LThlM2ItMDI3NGQ2YjhmMzkxXkEyXkFqcGdeQXVyMDI2NDg0NQ@@._V1_FMjpg_UX1000_.jpg
123;Heat;1995;Drama;USA;Michael Mann;Al Pacino;https://www.imdb.com/title/tt0113277;https://m.media-amazon.com/images/M/MV5BYjZjNTJlZGUtZTE1Ny00ZDc4LTgwYjUtMzk0NDgwYzZjYTk1XkEyXkFqcGdeQXVyNjU0OTQ0OTY@._V1_FMjpg_UX1000_.jpg
124;Ikiru;1952;Drama;Japan;Akira Kurosawa;Takashi Shimura;https://www.imdb.com/title/tt0044741;https://m.media-amazon.com/images/M/MV5BZmM0NGY3Y2MtMTA1YS00YmQzLTk2YTctYWFhMDkzMDRjZWQzXkEyXkFqcGdeQXVyNTA4NzY1MzY@._V1_FMjpg_UX1000_.jpg
125;Incendies;2010;Drama;Canada;Denis Villeneuve;Lubna Azabal;https://www.imdb.com/title/tt1255953;https://m.media-amazon.com/images/M/MV5BMWE3MGYzZjktY2Q5Mi00Y2NiLWIyYWUtMmIyNzA3YmZlMGFhXkEyXkFqcGdeQXVyMTMxODk2OTU@._V1_FMjpg_UX1000_.jpg
126;Raging Bull;1980;Drama;USA;Martin Scorsese;Robert De Niro;https://www.imdb.com/title/tt0081398;https://m.media-amazon.com/images/M/MV5BYjRmODkzNDItMTNhNi00YjJlLTg0ZjAtODlhZTM0YzgzYThlXkEyXkFqcGdeQXVyNzQ1ODk3MTQ@._V1_FMjpg_UX1000_.jpg
127;The Great Escape;1963;Thriller;USA;John Sturges;Steve McQueen;https://www.imdb.com/title/tt0057115;https://m.media-amazon.com/images/M/MV5BNzA2NmYxMWUtNzBlMC00MWM2LTkwNmQtYTFlZjQwODNhOWE0XkEyXkFqcGdeQXVyNTIzOTk5ODM@._V1_FMjpg_UX1000_.jpg
128;Bacheha-Ye aseman;1997;Drama;Iran;Majid Majidi;Mohammad Amir Naji;https://www.imdb.com/title/tt0118849;https://m.media-amazon.com/images/M/MV5BZTYwZWQ4ZTQtZWU0MS00N2YwLWEzMDItZWFkZWY0MWVjODVhXkEyXkFqcGdeQXVyNjU0OTQ0OTY@._V1_FMjpg_UX1000_.jpg
129;El laberinto del fauno;2006;Drama;Mexico;Guillermo del Toro;Ivana Baquero;https://www.imdb.com/title/tt0457430;https://m.media-amazon.com/images/M/MV5BYzFjMThiMGItOWRlMC00MDI4LThmOGUtYTNlZGZiYWI1YjMyXkEyXkFqcGdeQXVyMjUzOTY1NTc@._V1_FMjpg_UX1000_.jpg
130;Babam ve Oglum;2005;Drama;Turkey;�agan Irmak;�etin Tekindor;https://www.imdb.com/title/tt0476735;https://m.media-amazon.com/images/M/MV5BNzEzMWYyYjEtNmVjZS00YTAyLWIyOTgtMzEzNzQxMTQzZTgwXkEyXkFqcGdeQXVyMTA0MTM5NjI2._V1_FMjpg_UX1000_.jpg
131;Chinatown;1974;Drama;USA;Roman Polanski;Jack Nicholson;https://www.imdb.com/title/tt0071315;https://m.media-amazon.com/images/M/MV5BMjJkMDZhYzItZTFhMi00ZGI4LThlNTAtZDNlYmEwNjFkNDYzXkEyXkFqcGdeQXVyMjUzOTY1NTc@._V1_FMjpg_UX1000_.jpg
132;The Third Man;1949;Thriller;UK;Carol Reed;Orson Welles;https://www.imdb.com/title/tt0041959;https://m.media-amazon.com/images/M/MV5BYjE2OTdhMWUtOGJlMy00ZDViLWIzZjgtYjZkZGZmMDZjYmEyXkEyXkFqcGdeQXVyNzkwMjQ5NzM@._V1_FMjpg_UX1000_.jpg
133;Bohemian Rhapsody;2018;Drama;USA;Bryan Singer;Rami Malek;https://www.imdb.com/title/tt1727824;https://m.media-amazon.com/images/M/MV5BMTA2NDc3Njg5NDVeQTJeQWpwZ15BbWU4MDc1NDcxNTUz._V1_FMjpg_UX1000_.jpg
134;Tonari no Totoro;1988;Fantasy;Japan;Hayao Miyazaki;Hitoshi Takagi;https://www.imdb.com/title/tt0096283;https://m.media-amazon.com/images/M/MV5BYzJjMTYyMjQtZDI0My00ZjE2LTkyNGYtOTllNGQxNDMyZjE0XkEyXkFqcGdeQXVyMTMxODk2OTU@._V1_FMjpg_UX1000_.jpg
135;Hauru no ugoku shiro;2004;Adventure;Japan;Hayao Miyazaki;Chieko Baish�;https://www.imdb.com/title/tt0347149;https://m.media-amazon.com/images/M/MV5BNmM4YTFmMmItMGE3Yy00MmRkLTlmZGEtMzZlOTQzYjk3MzA2XkEyXkFqcGdeQXVyMTMxODk2OTU@._V1_FMjpg_UX1000_.jpg
136;Ran;1985;Drama;Japan;Akira Kurosawa;Tatsuya Nakadai;https://www.imdb.com/title/tt0089881;https://m.media-amazon.com/images/M/MV5BNTFlMjIwMzEtNWJlMy00ODU1LWFiMWMtM2JmOGFmMzhjZTBkXkEyXkFqcGdeQXVyMjI0NTA4NzA@._V1_FMjpg_UX1000_.jpg
137;Judgment at Nuremberg;1961;Drama;USA;Stanley Kramer;Spencer Tracy;https://www.imdb.com/title/tt0055031;https://m.media-amazon.com/images/M/MV5BNDc2ODQ5NTE2MV5BMl5BanBnXkFtZTcwODExMjUyNA@@._V1_FMjpg_UX1000_.jpg
138;El secreto de sus ojos;2009;Thriller;Argentina;Juan Jos� Campanella;Ricardo Dar�n;https://www.imdb.com/title/tt1305806;https://m.media-amazon.com/images/M/MV5BY2FhZGI5M2QtZWFiZS00NjkwLWE4NWQtMzg3ZDZjNjdkYTJiXkEyXkFqcGdeQXVyMTMxODk2OTU@._V1_FMjpg_UX1000_.jpg
139;The Gold Rush;1925;Drama;USA;Charles Chaplin;Charles Chaplin;https://www.imdb.com/title/tt0015864;https://m.media-amazon.com/images/M/MV5BODI0NTFkMTItOTYyNC00MzQ4LTgzZWMtMzdhMDAyOWU5YjA5XkEyXkFqcGdeQXVyNzQ1ODk3MTQ@._V1_FMjpg_UX1000_.jpg
140;The Bridge on the River Kwai;1957;War;USA;David Lean;William Holden;https://www.imdb.com/title/tt0050212;https://m.media-amazon.com/images/M/MV5BOGY5NmNlMmQtYzRlYy00NGQ5LWFkYjYtNzExZmQyMTg0ZDA0XkEyXkFqcGdeQXVyNDIzMzcwNjc@._V1_FMjpg_UX1000_.jpg
141;A Beautiful Mind;2001;Drama;USA;Ron Howard;Russell Crowe;https://www.imdb.com/title/tt0268978;https://m.media-amazon.com/images/M/MV5BMzcwYWFkYzktZjAzNC00OGY1LWI4YTgtNzc5MzVjMDVmNjY0XkEyXkFqcGdeQXVyMTQxNzMzNDI@._V1_FMjpg_UX1000_.jpg
142;Lock, Stock and Two Smoking Barrels;1998;Comedy;UK;Guy Ritchie;Jason Flemyng;https://www.imdb.com/title/tt0120735;https://m.media-amazon.com/images/M/MV5BMTAyN2JmZmEtNjAyMy00NzYwLThmY2MtYWQ3OGNhNjExMmM4XkEyXkFqcGdeQXVyNDk3NzU2MTQ@._V1_FMjpg_UX1000_.jpg
143;Casino;1995;Drama;France;Martin Scorsese;Robert De Niro;https://www.imdb.com/title/tt0112641;https://m.media-amazon.com/images/M/MV5BMTcxOWYzNDYtYmM4YS00N2NkLTk0NTAtNjg1ODgwZjAxYzI3XkEyXkFqcGdeQXVyNTA4NzY1MzY@._V1_FMjpg_UX1000_.jpg
144;Three Billboards Outside Ebbing, Missouri;2017;Drama;USA;Martin McDonagh;Frances McDormand;https://www.imdb.com/title/tt5027774;https://m.media-amazon.com/images/M/MV5BY2RiNTMzMmMtMDlkYi00YWVlLTllNTEtZDY5YTFhZmU3MTgzXkEyXkFqcGdeQXVyMzg2MzE2OTE@._V1_FMjpg_UX1000_.jpg
145;On the Waterfront;1954;Drama;USA;Elia Kazan;Marlon Brando;https://www.imdb.com/title/tt0047296;https://m.media-amazon.com/images/M/MV5BY2I0MWFiZDMtNWQyYy00Njk5LTk3MDktZjZjNTNmZmVkYjkxXkEyXkFqcGdeQXVyNjc1NTYyMjg@._V1_FMjpg_UX1000_.jpg
146;Det sjunde inseglet;1957;Drama;Sweden;Ingmar Bergman;Max von Sydow;https://www.imdb.com/title/tt0050976;https://m.media-amazon.com/images/M/MV5BOWM3MmE0OGYtOGVlNC00OWE1LTk5ZTAtYmUwMDIwM2ZlNWJiXkEyXkFqcGdeQXVyMjUzOTY1NTc@._V1_FMjpg_UX1000_.jpg
147;Inside Out;2015;Comedy;USA;Pete Docter;Amy Poehler;https://www.imdb.com/title/tt2096673;https://m.media-amazon.com/images/M/MV5BZDRmZTc0YmEtMmI0My00M2EyLTg4M2ItMGIxNDM1NzM3MmVhXkEyXkFqcGdeQXVyOTU2NDAzNDE@._V1_FMjpg_UX1000_.jpg
148;The Elephant Man;1980;Drama;USA;David Lynch;Anthony Hopkins;https://www.imdb.com/title/tt0080678;https://m.media-amazon.com/images/M/MV5BMDVjNjIwOGItNDE3Ny00OThjLWE0NzQtZTU3YjMzZTZjMzhkXkEyXkFqcGdeQXVyMTQxNzMzNDI@._V1_FMjpg_UX1000_.jpg
149;Room;2015;Drama;Canada;Lenny Abrahamson;Brie Larson;https://www.imdb.com/title/tt3170832;https://m.media-amazon.com/images/M/MV5BMmVkZDBkNWQtZGE0Mi00N2JlLWFmYTgtZTJhNDNkZjA2YWQ1XkEyXkFqcGdeQXVyOTU2NDAzNDE@._V1_FMjpg_UX1000_.jpg
150;The Wolf of Wall Street;2013;Drama;USA;Martin Scorsese;Leonardo DiCaprio;https://www.imdb.com/title/tt0993846;https://m.media-amazon.com/images/M/MV5BODdiNjU5OGItYWM2NS00N2M5LWFlMDYtNGI3YWI2NjNiMzViXkEyXkFqcGdeQXVyOTgxMDMxNTc@._V1_FMjpg_UX1000_.jpg
151;Mr. Smith Goes to Washington;1939;Drama;USA;Frank Capra;James Stewart;https://www.imdb.com/title/tt0031679;https://m.media-amazon.com/images/M/MV5BZTYwYjYxYzgtMDE1Ni00NzU4LWJlMTEtODQ5YmJmMGJhZjI5L2ltYWdlXkEyXkFqcGdeQXVyMDI2NDg0NQ@@._V1_FMjpg_UX1000_.jpg
152;V for Vendetta;2005;Drama;Germany;James McTeigue;Hugo Weaving;https://www.imdb.com/title/tt0434409;https://m.media-amazon.com/images/M/MV5BOTI5ODc3NzExNV5BMl5BanBnXkFtZTcwNzYxNzQzMw@@._V1_FMjpg_UX1000_.jpg
153;Warrior;2011;Drama;USA;Gavin O'Connor;Andrew Koji;https://www.imdb.com/title/tt1291584;https://m.media-amazon.com/images/M/MV5BMTk4ODk5MTMyNV5BMl5BanBnXkFtZTcwMDMyNTg0Ng@@._V1_FMjpg_UX1000_.jpg
154;Blade Runner;1982;Thriller;Hong Kong;Ridley Scott;Harrison Ford;https://www.imdb.com/title/tt0083658;https://m.media-amazon.com/images/M/MV5BNzQzMzJhZTEtOWM4NS00MTdhLTg0YjgtMjM4MDRkZjUwZDBlXkEyXkFqcGdeQXVyNjU0OTQ0OTY@._V1_FMjpg_UX1000_.jpg
155;Dial M for Murder;1954;Thriller;USA;Alfred Hitchcock;Ray Milland;https://www.imdb.com/title/tt0046912;https://m.media-amazon.com/images/M/MV5BOWIwODIxYWItZDI4MS00YzhhLWE3MmYtMzlhZDIwOTMzZmE5L2ltYWdlXkEyXkFqcGdeQXVyNjc1NTYyMjg@._V1_FMjpg_UX1000_.jpg
156;Smultronst�llet;1957;Romance;Sweden;Ingmar Bergman;Victor Sj�str�m;https://www.imdb.com/title/tt0050986;https://m.media-amazon.com/images/M/MV5BYWQxYzdhMDMtNjAyZC00NzE0LWFjYmQtYjk0YzMyYjA5NzZkXkEyXkFqcGdeQXVyMjUzOTY1NTc@._V1_FMjpg_UX1000_.jpg
157;The General;1926;Comedy;USA;Clyde Bruckman;Buster Keaton;https://www.imdb.com/title/tt0017925;https://m.media-amazon.com/images/M/MV5BYmRiMDFlYjYtOTMwYy00OGY2LWE0Y2QtYzQxOGNhZmUwNTIxXkEyXkFqcGdeQXVyNzkwMjQ5NzM@._V1_FMjpg_UX1000_.jpg
158;No Country for Old Men;2007;Drama;USA;Ethan Coen;Tommy Lee Jones;https://www.imdb.com/title/tt0477348;https://m.media-amazon.com/images/M/MV5BMjA5Njk3MjM4OV5BMl5BanBnXkFtZTcwMTc5MTE1MQ@@._V1_FMjpg_UX1000_.jpg
159;Trainspotting;1996;Drama;UK;Danny Boyle;Ewan McGregor;https://www.imdb.com/title/tt0117951;https://m.media-amazon.com/images/M/MV5BMzA5Zjc3ZTMtMmU5YS00YTMwLWI4MWUtYTU0YTVmNjVmODZhXkEyXkFqcGdeQXVyNjU0OTQ0OTY@._V1_FMjpg_UX1000_.jpg
160;There Will Be Blood;2007;Drama;USA;Paul Thomas Anderson;Daniel Day-Lewis;https://www.imdb.com/title/tt0469494;https://m.media-amazon.com/images/M/MV5BMjAxODQ4MDU5NV5BMl5BanBnXkFtZTcwMDU4MjU1MQ@@._V1_FMjpg_UX1000_.jpg
161;The Sixth Sense;1999;Drama;USA;M. Night Shyamalan;Bruce Willis;https://www.imdb.com/title/tt0167404;https://m.media-amazon.com/images/M/MV5BMWM4NTFhYjctNzUyNi00NGMwLTk3NTYtMDIyNTZmMzRlYmQyXkEyXkFqcGdeQXVyMTAwMzUyOTc@._V1_FMjpg_UX1000_.jpg
162;Gone with the Wind;1939;War;USA;Victor Fleming;Clark Gable;https://www.imdb.com/title/tt0031381;https://m.media-amazon.com/images/M/MV5BYjUyZWZkM2UtMzYxYy00ZmQ3LWFmZTQtOGE2YjBkNjA3YWZlXkEyXkFqcGdeQXVyNzkwMjQ5NzM@._V1_FMjpg_UX1000_.jpg
163;The Thing;1982;Horror;USA;John Carpenter;Kurt Russell;https://www.imdb.com/title/tt0084787;https://m.media-amazon.com/images/M/MV5BNGViZWZmM2EtNGYzZi00ZDAyLTk3ODMtNzIyZTBjN2Y1NmM1XkEyXkFqcGdeQXVyNTAyODkwOQ@@._V1_FMjpg_UX1000_.jpg
164;Fargo;1996;Drama;USA;Joel Coen;William H. Macy;https://www.imdb.com/title/tt0116282;https://m.media-amazon.com/images/M/MV5BNDJiZDgyZjctYmRjMS00ZjdkLTkwMTEtNGU1NDg3NDQ0Yzk1XkEyXkFqcGdeQXVyNzkwMjQ5NzM@._V1_FMjpg_UX1000_.jpg
165;Gran Torino;2008;Drama;USA;Clint Eastwood;Clint Eastwood;https://www.imdb.com/title/tt1205489;https://m.media-amazon.com/images/M/MV5BMTc5NTk2OTU1Nl5BMl5BanBnXkFtZTcwMDc3NjAwMg@@._V1_FMjpg_UX1000_.jpg
166;Roma�;2018;Drama;Mexico;Alfonso Cuar�n;Yalitza Aparicio;https://www.imdb.com/title/tt6155172;https://m.media-amazon.com/images/M/MV5BMTU0OTc3ODk4Ml5BMl5BanBnXkFtZTgwMzM4NzI5NjM@._V1_FMjpg_UX1000_.jpg
167;The Deer Hunter;1978;Drama;USA;Michael Cimino;Robert De Niro;https://www.imdb.com/title/tt0077416;https://m.media-amazon.com/images/M/MV5BNDhmNTA0ZDMtYjhkNS00NzEzLWIzYTItOGNkMTVmYjE2YmI3XkEyXkFqcGdeQXVyNzkwMjQ5NzM@._V1_FMjpg_UX1000_.jpg
168;Finding Nemo;2003;Adventure;USA;Andrew Stanton;Albert Brooks;https://www.imdb.com/title/tt0266543;https://m.media-amazon.com/images/M/MV5BNjY3MjcxZjctZGIzMS00MjJmLWI2YTQtNGE2NWYyZDc4NDIzXkEyXkFqcGdeQXVyOTgxMDMxNTc@._V1_FMjpg_UX1000_.jpg
169;Idi i smotri;1985;Drama;Soviet Union;Elem Klimov;Aleksey Kravchenko;https://www.imdb.com/title/tt0091251;https://m.media-amazon.com/images/M/MV5BODM4Njg0NTAtYjI5Ny00ZjAxLTkwNmItZTMxMWU5M2U3M2RjXkEyXkFqcGdeQXVyNzkwMjQ5NzM@._V1_FMjpg_UX1000_.jpg
170;The Big Lebowski;1998;Comedy;USA;Joel Coen;Jeff Bridges;https://www.imdb.com/title/tt0118715;https://m.media-amazon.com/images/M/MV5BY2YxMjQxYjctYTQyOC00MDYxLTgxYjItYTVkYTg5OTFjNmUwXkEyXkFqcGdeQXVyMjI0NTA4NzA@._V1_FMjpg_UX1000_.jpg
171;Shutter Island;2010;Thriller;USA;Martin Scorsese;Leonardo DiCaprio;https://www.imdb.com/title/tt1130884;https://m.media-amazon.com/images/M/MV5BYjhmMDE4ZjktNDAxZC00MDgwLWI2YjQtNzIzNWY1MjU4OWJkXkEyXkFqcGdeQXVyOTU2NDAzNDE@._V1_FMjpg_UX1000_.jpg
172;Sherlock Jr.;1924;Romance;USA;Buster Keaton;Buster Keaton;https://www.imdb.com/title/tt0015324;https://m.media-amazon.com/images/M/MV5BZWFhOGU5NDctY2Q3YS00Y2VlLWI1NzEtZmIwY2ZiZjY4OTA2XkEyXkFqcGdeQXVyMDI2NDg0NQ@@._V1_FMjpg_UX1000_.jpg
173;Kill Bill: Vol. 1;2003;Action;USA;Quentin Tarantino;Uma Thurman;https://www.imdb.com/title/tt0266697;https://m.media-amazon.com/images/M/MV5BNzM3NDFhYTAtYmU5Mi00NGRmLTljYjgtMDkyODQ4MjNkMGY2XkEyXkFqcGdeQXVyNzkwMjQ5NzM@._V1_FMjpg_UX1000_.jpg
174;Cool Hand Luke;1967;Drama;USA;Stuart Rosenberg;Paul Newman;https://www.imdb.com/title/tt0061512;https://m.media-amazon.com/images/M/MV5BNjcwNTQ3Y2EtMjdmZi00ODBhLWFhNzQtOTc3MWU5NTZlMDViXkEyXkFqcGdeQXVyMjUzOTY1NTc@._V1_FMjpg_UX1000_.jpg
175;Rebecca;1940;Thriller;USA;Alfred Hitchcock;Laurence Olivier;https://www.imdb.com/title/tt0032976;https://m.media-amazon.com/images/M/MV5BYTcxYWExOTMtMWFmYy00ZjgzLWI0YjktNWEzYzJkZTg0NDdmL2ltYWdlXkEyXkFqcGdeQXVyNjc1NTYyMjg@._V1_FMjpg_UX1000_.jpg
176;T�ky� monogatari;1953;Drama;Japan;Yasujir� Ozu;Chish� Ry�;https://www.imdb.com/title/tt0046438;https://m.media-amazon.com/images/M/MV5BYWQ4ZTRiODktNjAzZC00Nzg1LTk1YWQtNDFmNDI0NmZiNGIwXkEyXkFqcGdeQXVyNzkwMjQ5NzM@._V1_FMjpg_UX1000_.jpg
177;Mary and Max;2009;Drama;Australia;Adam Elliot;Toni Collette;https://www.imdb.com/title/tt0978762;https://m.media-amazon.com/images/M/MV5BMDgzYjQwMDMtNGUzYi00MTRmLWIyMGMtNjE1OGZkNzY2YWIzL2ltYWdlXkEyXkFqcGdeQXVyNjU0OTQ0OTY@._V1_FMjpg_UX1000_.jpg
178;Hacksaw Ridge;2016;Drama;USA;Mel Gibson;Andrew Garfield;https://www.imdb.com/title/tt2119532;https://m.media-amazon.com/images/M/MV5BMjQ1NjM3MTUxNV5BMl5BanBnXkFtZTgwMDc5MTY5OTE@._V1_FMjpg_UX1000_.jpg
179;Gone Girl;2014;Thriller;USA;David Fincher;Ben Affleck;https://www.imdb.com/title/tt2267998;https://m.media-amazon.com/images/M/MV5BMTk0MDQ3MzAzOV5BMl5BanBnXkFtZTgwNzU1NzE3MjE@._V1_FMjpg_UX1000_.jpg
180;How to Train Your Dragon;2010;Comedy;USA;Dean DeBlois;Jay Baruchel;https://www.imdb.com/title/tt0892769;https://m.media-amazon.com/images/M/MV5BMjA5NDQyMjc2NF5BMl5BanBnXkFtZTcwMjg5ODcyMw@@._V1_FMjpg_UX1000_.jpg
181;Sunrise: A Song of Two Humans;1927;Romance;USA;F.W. Murnau;George O'Brien;https://www.imdb.com/title/tt0018455;https://m.media-amazon.com/images/M/MV5BNDVkYmYwM2ItNzRiMy00NWQ4LTlhMjMtNDI1ZDYyOGVmMzJjXkEyXkFqcGdeQXVyNTgzMzU5MDI@._V1_FMjpg_UX1000_.jpg
182;Relatos salvajes;2014;Drama;Argentina;Dami�n Szifron;Dar�o Grandinetti;https://www.imdb.com/title/tt3011894;https://m.media-amazon.com/images/M/MV5BMGQwMDM3ZTktNjkyNC00OTI5LTg1NDItYjZkZTY0OGFhODdhXkEyXkFqcGdeQXVyNzI1NzMxNzM@._V1_FMjpg_UX1000_.jpg
183;Jurassic Park;1993;Adventure;USA;Steven Spielberg;Sam Neill;https://www.imdb.com/title/tt0107290;https://m.media-amazon.com/images/M/MV5BMjM2MDgxMDg0Nl5BMl5BanBnXkFtZTgwNTM2OTM5NDE@._V1_FMjpg_UX1000_.jpg
184;Into the Wild;2007;Drama;USA;Sean Penn;Emile Hirsch;https://www.imdb.com/title/tt0758758;https://m.media-amazon.com/images/M/MV5BNjQ0ODlhMWUtNmUwMS00YjExLWI4MjQtNjVmMmE2Y2E0MGRmXkEyXkFqcGdeQXVyNDk3NzU2MTQ@._V1_FMjpg_UX1000_.jpg
185;Life of Brian;1979;Comedy;UK;Terry Jones;Graham Chapman;https://www.imdb.com/title/tt0079470;https://m.media-amazon.com/images/M/MV5BMDA1ZWI4ZDItOTRlYi00OTUxLWFlNWQtMzM5NDI0YjA4ZGI2XkEyXkFqcGdeQXVyMjUzOTY1NTc@._V1_FMjpg_UX1000_.jpg
186;In the Name of the Father;1993;Drama;UK;Jim Sheridan;Daniel Day-Lewis;https://www.imdb.com/title/tt0107207;https://m.media-amazon.com/images/M/MV5BMmYyOTgwYWItYmU3Ny00M2E2LTk0NWMtMDVlNmQ0MWZiMTMxXkEyXkFqcGdeQXVyNzkwMjQ5NzM@._V1_FMjpg_UX1000_.jpg
187;The Truman Show;1998;Drama;USA;Peter Weir;Jim Carrey;https://www.imdb.com/title/tt0120382;https://m.media-amazon.com/images/M/MV5BMDIzODcyY2EtMmY2MC00ZWVlLTgwMzAtMjQwOWUyNmJjNTYyXkEyXkFqcGdeQXVyNDk3NzU2MTQ@._V1_FMjpg_UX1000_.jpg
188;The Grand Budapest Hotel;2014;Drama;USA;Wes Anderson;Ralph Fiennes;https://www.imdb.com/title/tt2278388;https://m.media-amazon.com/images/M/MV5BMzM5NjUxOTEyMl5BMl5BanBnXkFtZTgwNjEyMDM0MDE@._V1_FMjpg_UX1000_.jpg
189;Platoon;1986;Drama;USA;Oliver Stone;Charlie Sheen;https://www.imdb.com/title/tt0091763;https://m.media-amazon.com/images/M/MV5BMzRjZjdlMjQtODVkYS00N2YzLWJlYWYtMGVlN2E5MWEwMWQzXkEyXkFqcGdeQXVyMTQxNzMzNDI@._V1_FMjpg_UX1000_.jpg
190;Stand by Me;1986;Drama;USA;Rob Reiner;Wil Wheaton;https://www.imdb.com/title/tt0092005;https://m.media-amazon.com/images/M/MV5BODJmY2Y2OGQtMDg2My00N2Q3LWJmZTUtYTc2ODBjZDVlNDlhXkEyXkFqcGdeQXVyMTQxNzMzNDI@._V1_FMjpg_UX1000_.jpg
191;It Happened One Night;1934;Comedy;USA;Frank Capra;Clark Gable;https://www.imdb.com/title/tt0025316;https://m.media-amazon.com/images/M/MV5BYzJmMWE5NjAtNWMyZS00NmFiLWIwMDgtZDE2NzczYWFhNzIzXkEyXkFqcGdeQXVyNjc1NTYyMjg@._V1_FMjpg_UX1000_.jpg
192;Eskiya�;1996;Drama;Turkey;Yavuz Turgul;�ener �en;https://www.imdb.com/title/tt0116231;https://m.media-amazon.com/images/M/MV5BOGQ4ZjFmYjktOGNkNS00OWYyLWIyZjgtMGJjM2U1ZTA0ZTlhXkEyXkFqcGdeQXVyNTA4NzY1MzY@._V1_FMjpg_UX1000_.jpg
193;Network;1976;Drama;USA;Sidney Lumet;Faye Dunaway;https://www.imdb.com/title/tt0074958;https://m.media-amazon.com/images/M/MV5BNzY0NjU5ODUtOTAzMC00NTU5LWJkZjctYWMyOWY2MTZmOWM1XkEyXkFqcGdeQXVyMTI3ODAyMzE2._V1_FMjpg_UX1000_.jpg
194;Stalker;1979;Drama;Soviet Union;Andrei Tarkovsky;Alisa Freyndlikh;https://www.imdb.com/title/tt0079944;https://m.media-amazon.com/images/M/MV5BMDgwODNmMGItMDcwYi00OWZjLTgyZjAtMGYwMmI4N2Q0NmJmXkEyXkFqcGdeQXVyNzY1MTU0Njk@._V1_FMjpg_UX1000_.jpg
195;Persona;1966;Drama;Sweden;Ingmar Bergman;Bibi Andersson;https://www.imdb.com/title/tt0060827;https://m.media-amazon.com/images/M/MV5BYmFlOTcxMWUtZTMzMi00NWIyLTkwOTEtNjIxNmViNzc2Yzc1XkEyXkFqcGdeQXVyMjUzOTY1NTc@._V1_FMjpg_UX1000_.jpg
196;Salinui chueok;2003;Thriller;South Korea;Joon-ho Bong;Song Kang-ho;https://www.imdb.com/title/tt0353969;https://m.media-amazon.com/images/M/MV5BOGViNTg4YTktYTQ2Ni00MTU0LTk2NWUtMTI4OTc1YTM0NzQ2XkEyXkFqcGdeQXVyMDM2NDM2MQ@@._V1_FMjpg_UX1000_.jpg
197;Ben-Hur;1959;History;USA;William Wyler;Charlton Heston;https://www.imdb.com/title/tt0052618;https://m.media-amazon.com/images/M/MV5BNjgxY2JiZDYtZmMwOC00ZmJjLWJmODUtMTNmNWNmYWI5ODkwL2ltYWdlL2ltYWdlXkEyXkFqcGdeQXVyNjc1NTYyMjg@._V1_FMjpg_UX1000_.jpg
198;Hotel Rwanda;2004;History;South Africa;Terry George;Don Cheadle;https://www.imdb.com/title/tt0395169;https://m.media-amazon.com/images/M/MV5BZGJjYmIzZmQtNWE4Yy00ZGVmLWJkZGEtMzUzNmQ4ZWFlMjRhXkEyXkFqcGdeQXVyMTMxODk2OTU@._V1_FMjpg_UX1000_.jpg
199;12 Years a Slave;2013;History;USA;Steve McQueen;Chiwetel Ejiofor;https://www.imdb.com/title/tt2024544;https://m.media-amazon.com/images/M/MV5BMjExMTEzODkyN15BMl5BanBnXkFtZTcwNTU4NTc4OQ@@._V1_FMjpg_UX1000_.jpg
200;Million Dollar Baby;2004;Drama;USA;Clint Eastwood;Hilary Swank;https://www.imdb.com/title/tt0405159;https://m.media-amazon.com/images/M/MV5BMTkxNzA1NDQxOV5BMl5BanBnXkFtZTcwNTkyMTIzMw@@._V1_FMjpg_UX1000_.jpg
201;La passion de Jeanne d'Arc;1928;History;France;Carl Theodor Dreyer;Maria Falconett;https://www.imdb.com/title/tt0019254;https://m.media-amazon.com/images/M/MV5BNjBjNDJiYTUtOWY0OS00OGVmLTg2YzctMTE0NzVhODM1ZWJmXkEyXkFqcGdeQXVyNjU0OTQ0OTY@._V1_FMjpg_UX1000_.jpg
202;Rush;2013;Drama;Germany;Ron Howard;Daniel Br�hl;https://www.imdb.com/title/tt1979320;https://m.media-amazon.com/images/M/MV5BOWEwODJmZDItYTNmZC00OGM4LThlNDktOTQzZjIzMGQxODA4XkEyXkFqcGdeQXVyNjU0OTQ0OTY@._V1_FMjpg_UX1000_.jpg
203;Andrey Rublev;1966;History;Soviet Union;Andrei Tarkovsky;Anatoliy Solonitsyn;https://www.imdb.com/title/tt0060107;https://m.media-amazon.com/images/M/MV5BM2U2MzYwMzAtM2Q2Zi00OTJhLTgxMjEtOGM0NDk5Mzk4MzE5L2ltYWdlL2ltYWdlXkEyXkFqcGdeQXVyNjMxMjkwMjI@._V1_FMjpg_UX1000_.jpg
204;Le salaire de la peur;1953;Drama;Italy;Henri-Georges Clouzot;Yves Montand;https://www.imdb.com/title/tt0046268;https://m.media-amazon.com/images/M/MV5BZDdkNzMwZmUtY2Q5MS00ZmM2LWJhYjItYTBjMWY0MGM4MDRjXkEyXkFqcGdeQXVyNTA4NzY1MzY@._V1_FMjpg_UX1000_.jpg
205;Before Sunrise;1995;Romance;Switzerland;Richard Linklater;Ethan Hawke;https://www.imdb.com/title/tt0112471;https://m.media-amazon.com/images/M/MV5BZDdiZTAwYzAtMDI3Ni00OTRjLTkzN2UtMGE3MDMyZmU4NTU4XkEyXkFqcGdeQXVyNjU0OTQ0OTY@._V1_FMjpg_UX1000_.jpg
206;Mad Max: Fury Road;2015;Adventure;USA;George Miller;Tom Hardy;https://www.imdb.com/title/tt1392190;https://m.media-amazon.com/images/M/MV5BN2EwM2I5OWMtMGQyMi00Zjg1LWJkNTctZTdjYTA4OGUwZjMyXkEyXkFqcGdeQXVyMTMxODk2OTU@._V1_FMjpg_UX1000_.jpg
207;Les quatre cents coups;1959;Drama;France;Fran�ois Truffaut;Jean-Pierre L�aud;https://www.imdb.com/title/tt0053198;https://m.media-amazon.com/images/M/MV5BYTQ4MjA4NmYtYjRhNi00MTEwLTg0NjgtNjk3ODJlZGU4NjRkL2ltYWdlL2ltYWdlXkEyXkFqcGdeQXVyNjU0OTQ0OTY@._V1_FMjpg_UX1000_.jpg
208;Prisoners;2013;Drama;USA;Denis Villeneuve;Hugh Jackman;https://www.imdb.com/title/tt1392214;https://m.media-amazon.com/images/M/MV5BMTg0NTIzMjQ1NV5BMl5BanBnXkFtZTcwNDc3MzM5OQ@@._V1_FMjpg_UX1000_.jpg
209;Hachi: A Dog's Tale;2009;Drama;USA;Lasse Hallstr�m;Richard Gere;https://www.imdb.com/title/tt1028532;https://m.media-amazon.com/images/M/MV5BNzE4NDg5OWMtMzg3NC00ZDRjLTllMDMtZTRjNWZmNjBmMGZlXkEyXkFqcGdeQXVyMTMxODk2OTU@._V1_FMjpg_UX1000_.jpg
210;Spotlight;2015;Drama;USA;Tom McCarthy;Mark Ruffalo;https://www.imdb.com/title/tt1895587;https://m.media-amazon.com/images/M/MV5BMjIyOTM5OTIzNV5BMl5BanBnXkFtZTgwMDkzODE2NjE@._V1_FMjpg_UX1000_.jpg
211;Logan;2017;Drama;USA;James Mangold;Hugh Jackman;https://www.imdb.com/title/tt3315342;https://m.media-amazon.com/images/M/MV5BYzc5MTU4N2EtYTkyMi00NjdhLTg3NWEtMTY4OTEyMzJhZTAzXkEyXkFqcGdeQXVyNjc1NTYyMjg@._V1_FMjpg_UX1000_.jpg
212;Rang De Basanti;2006;Drama;India;Rakeysh Omprakash Mehra;Aamir Khan;https://www.imdb.com/title/tt0405508;https://m.media-amazon.com/images/M/MV5BYThmZDA0YmQtMWJhNy00MDQwLTk0Y2YtMDhmZTE5ZjhlNjliXkEyXkFqcGdeQXVyODE5NzE3OTE@._V1_FMjpg_UX1000_.jpg
213;Amores perros;2000;Drama;Mexico;Alejandro G. I��rritu;Emilio Echevarr�a;https://www.imdb.com/title/tt0245712;https://m.media-amazon.com/images/M/MV5BZjUxNmEwOGItMTBmYi00MWQ1LWExY2MtNDUxMjI0OWM4M2NiXkEyXkFqcGdeQXVyMjUzOTY1NTc@._V1_FMjpg_UX1000_.jpg
214;The Princess Bride;1987;Romance;USA;Rob Reiner;Cary Elwes;https://www.imdb.com/title/tt0093779;https://m.media-amazon.com/images/M/MV5BYzdiOTVjZmQtNjAyNy00YjA2LTk5ZTAtNmJkMGQ5N2RmNjUxXkEyXkFqcGdeQXVyMjUzOTY1NTc@._V1_FMjpg_UX1000_.jpg
215;Catch Me If You Can;2002;Drama;Canada;Steven Spielberg;Leonardo DiCaprio;https://www.imdb.com/title/tt0264464;https://m.media-amazon.com/images/M/MV5BMTY5MzYzNjc5NV5BMl5BanBnXkFtZTYwNTUyNTc2._V1_FMjpg_UX1000_.jpg
216;Kaze no tani no Naushika;1984;Adventure;Japan;Hayao Miyazaki;Sumi Shimamoto;https://www.imdb.com/title/tt0087544;https://m.media-amazon.com/images/M/MV5BZTI3NmJmYTQtNDg4NS00M2VlLTgzZDAtZWIwZDcyOWY5YzIzXkEyXkFqcGdeQXVyMTMxODk2OTU@._V1_FMjpg_UX1000_.jpg
217;Harry Potter and the Deathly Hallows: Part 2;2011;Drama;USA;David Yates;Daniel Radcliffe;https://www.imdb.com/title/tt1201607;https://m.media-amazon.com/images/M/MV5BNDUxZDhmNjUtMjY5ZC00YTdmLTk1Y2YtNjBiZmJlMjNiNWM5XkEyXkFqcGdeQXVyOTgxMDMxNTc@._V1_FMjpg_UX1000_.jpg
218;Butch Cassidy and the Sundance Kid;1969;Western;USA;George Roy Hill;Paul Newma;https://www.imdb.com/title/tt0064115;https://m.media-amazon.com/images/M/MV5BMTkyMTM2NDk5Nl5BMl5BanBnXkFtZTgwNzY1NzEyMDE@._V1_FMjpg_UX1000_.jpg
219;Rocky;1976;Drama;USA;John G. Avildsen;Sylvester Stallone;https://www.imdb.com/title/tt0075148;https://m.media-amazon.com/images/M/MV5BNjdjNzkxYzYtODM3OS00ODQ4LTg3MWEtZTE0MDdhMGU1NDU1XkEyXkFqcGdeQXVyMjI0NTA4NzA@._V1_FMjpg_UX1000_.jpg
220;Barry Lyndon;1975;War;USA;Stanley Kubrick;Ryan O'Neal;https://www.imdb.com/title/tt0072684;https://m.media-amazon.com/images/M/MV5BNmY0MWY2NDctZDdmMi00MjA1LTk0ZTQtZDMyZTQ1NTNlYzVjXkEyXkFqcGdeQXVyMjUzOTY1NTc@._V1_FMjpg_UX1000_.jpg
221;Monsters, Inc.;2001;Comedy;USA;Pete Docter;Billy Crystal;https://www.imdb.com/title/tt0198781;https://m.media-amazon.com/images/M/MV5BZTA4M2FhMzctYWY1Yy00YmNkLTlhMGEtODY4NTg0NjgyMDAwXkEyXkFqcGdeQXVyOTgxMDMxNTc@._V1_FMjpg_UX1000_.jpg
222;The Grapes of Wrath;1940;Drama;USA;John Ford;Henry Fonda;https://www.imdb.com/title/tt0032551;https://m.media-amazon.com/images/M/MV5BNzJiOGI2MjctYjUyMS00ZjkzLWE2ZmUtOTg4NTZkOTNhZDc1L2ltYWdlXkEyXkFqcGdeQXVyNjc1NTYyMjg@._V1_FMjpg_UX1000_.jpg
223;The Maltese Falcon;1941;Mystery;USA;John Huston;Humphrey Bogart;https://www.imdb.com/title/tt0033870;https://m.media-amazon.com/images/M/MV5BZjIwNGM1ZTUtOThjYS00NDdiLTk2ZDYtNGY5YjJkNzliM2JjL2ltYWdlL2ltYWdlXkEyXkFqcGdeQXVyMDI2NDg0NQ@@._V1_FMjpg_UX1000_.jpg
224;Dead Poets Society;1989;Drama;USA;Peter Weir;Robin Williams;https://www.imdb.com/title/tt0097165;https://m.media-amazon.com/images/M/MV5BYWU0ZDgyYjQtZDI0OS00NTI0LTlmYjMtYzZlZTg4MGNiMjdjXkEyXkFqcGdeQXVyOTU2NDAzNDE@._V1_FMjpg_UX1000_.jpg
225;Donnie Darko;2001;Drama;USA;Richard Kelly;Jake Gyllenhaal;https://www.imdb.com/title/tt0246578;https://m.media-amazon.com/images/M/MV5BZjZlZDlkYTktMmU1My00ZDBiLWFlNjEtYTBhNjVhOTM4ZjJjXkEyXkFqcGdeQXVyMTMxODk2OTU@._V1_FMjpg_UX1000_.jpg
226;The Terminator;1984;Action;USA;James Cameron;Arnold Schwarzenegger;https://www.imdb.com/title/tt0088247;https://m.media-amazon.com/images/M/MV5BYTViNzMxZjEtZGEwNy00MDNiLWIzNGQtZDY2MjQ1OWViZjFmXkEyXkFqcGdeQXVyNzkwMjQ5NzM@._V1_FMjpg_UX1000_.jpg
227;Gandhi;1982;Drama;India;Richard Attenborough;Ben Kingsley;https://www.imdb.com/title/tt0083987;https://m.media-amazon.com/images/M/MV5BYjZiYmYwYjYtOTdlZS00OGM4LTg0NmQtOTg0OGMzMjkyYWM2XkEyXkFqcGdeQXVyMTUzMDUzNTI3._V1_FMjpg_UX1000_.jpg
228;Les diaboliques;1955;Thriller;France;Henri-Georges Clouzot;Simone Signoret;https://www.imdb.com/title/tt0046911;https://m.media-amazon.com/images/M/MV5BMGJmNmU5OTAtOTQyYy00MmM3LTk4MzUtMGFiZDYzODdmMmU4XkEyXkFqcGdeQXVyNjU0OTQ0OTY@._V1_FMjpg_UX1000_.jpg
229;La haine;1995;Drama;France;Mathieu Kassovitz;Vincent Cassel;https://www.imdb.com/title/tt0113247;https://m.media-amazon.com/images/M/MV5BN2JjNjE2OTgtNjFjYy00YjA4LTk1MDEtZjc2NDM4ZmU0NDhlXkEyXkFqcGdeQXVyMTQyMTMwOTk0._V1_FMjpg_UX1000_.jpg
230;Groundhog Day;1993;Comedy;USA;Harold Ramis;Bill Murray;https://www.imdb.com/title/tt0107048;https://m.media-amazon.com/images/M/MV5BZWIxNzM5YzQtY2FmMS00Yjc3LWI1ZjUtNGVjMjMzZTIxZTIxXkEyXkFqcGdeQXVyNjU0OTQ0OTY@._V1_FMjpg_UX1000_.jpg
231;The Wizard of Oz;1939;Fantasy;USA;Victor Fleming;Judy Garland;https://www.imdb.com/title/tt0032138;https://m.media-amazon.com/images/M/MV5BNjUyMTc4MDExMV5BMl5BanBnXkFtZTgwNDg0NDIwMjE@._V1_FMjpg_UX1000_.jpg
232;Jaws;1975;Drama;USA;Steven Spielberg;Roy Scheider;https://www.imdb.com/title/tt0073195;https://m.media-amazon.com/images/M/MV5BMmVmODY1MzEtYTMwZC00MzNhLWFkNDMtZjAwM2EwODUxZTA5XkEyXkFqcGdeQXVyNTAyODkwOQ@@._V1_FMjpg_UX1000_.jpg
233;Le notti di Cabiria;1957;Drama;Italy;Federico Fellini;Giulietta Masina;https://www.imdb.com/title/tt0050783;https://m.media-amazon.com/images/M/MV5BOTdhNmUxZmQtNmMwNC00MzE3LWE1MTUtZDgxZTYwYjEzZjcwXkEyXkFqcGdeQXVyNTA1NjYyMDk@._V1_FMjpg_UX1000_.jpg
234;The Help;2011;Drama;India;Tate Taylor;Viola Davis;https://www.imdb.com/title/tt1454029;https://m.media-amazon.com/images/M/MV5BMTM5OTMyMjIxOV5BMl5BanBnXkFtZTcwNzU4MjIwNQ@@._V1_FMjpg_UX1000_.jpg
235;Faa yeung nin wa;2000;Romance;Hong Kong;Kar-Wai Wong;Tony Leung Chiu-wai,;https://www.imdb.com/title/tt0118694;https://m.media-amazon.com/images/M/MV5BYWVjNjMwZTgtMGYyYy00NmVhLWE1NDItMzFhMmJkYTNjYWIwXkEyXkFqcGdeQXVyNjU0OTQ0OTY@._V1_FMjpg_UX1000_.jpg
236;Mandariinid;2013;Drama;Georgia;Zaza Urushadze;Lembit Ulfsak;https://www.imdb.com/title/tt2991224;https://m.media-amazon.com/images/M/MV5BMTgwNzA3MDQzOV5BMl5BanBnXkFtZTgwNTE5MDE5NDE@._V1_FMjpg_UX1000_.jpg
237;Before Sunset;2004;Romance;USA;Richard Linklater;Ethan Hawke;https://www.imdb.com/title/tt0381681;https://m.media-amazon.com/images/M/MV5BMTQ1MjAwNTM5Ml5BMl5BanBnXkFtZTYwNDM0MTc3._V1_FMjpg_UX1000_.jpg
238;Paper Moon;1973;Drama;USA;Peter Bogdanovich;Ryan O'Neal;https://www.imdb.com/title/tt0070510;https://m.media-amazon.com/images/M/MV5BOWVmYzQwY2MtOTBjNi00MDNhLWI5OGMtN2RiMDYxODI3MjU5XkEyXkFqcGdeQXVyMjUzOTY1NTc@._V1_FMjpg_UX1000_.jpg
239;Ah-ga-ssi;2016;Romance;South Korea;Chan-wook Park;Kim Min-hee;https://www.imdb.com/title/tt4016934;https://m.media-amazon.com/images/M/MV5BNDJhYTk2MTctZmVmOS00OTViLTgxNjQtMzQxOTRiMDdmNGRjXkEyXkFqcGdeQXVyMTMxODk2OTU@._V1_FMjpg_UX1000_.jpg
240;Paris, Texas;1984;Drama;West Germany;Wim Wenders;Harry Dean Stanton;https://www.imdb.com/title/tt0087884;https://m.media-amazon.com/images/M/MV5BM2RjMmU3ZWItYzBlMy00ZmJkLWE5YzgtNTVkODdhOWM3NGZhXkEyXkFqcGdeQXVyNDA5Mjg5MjA@._V1_FMjpg_UX1000_.jpg
241;The Best Years of Our Lives;1946;Romance;USA;William Wyler;Myrna Loy;https://www.imdb.com/title/tt0036868;https://m.media-amazon.com/images/M/MV5BY2RmNTRjYzctODI4Ni00MzQyLWEyNTAtNjU0N2JkMTNhNjJkXkEyXkFqcGdeQXVyNjU0OTQ0OTY@._V1_FMjpg_UX1000_.jpg
242;Tenk� no shiro Rapyuta;1986;Drama;Japan;Hayao Miyazaki;Mayumi Tanaka;https://www.imdb.com/title/tt0092067;https://m.media-amazon.com/images/M/MV5BNDFhZmY2NTgtMzljYy00MTlhLTgyMjItNTEwZWJkYThhYzkyXkEyXkFqcGdeQXVyNTgyNTA4MjM@._V1_FMjpg_UX1000_.jpg
243;Pirates of the Caribbean: The Curse of the Black Pearl;2003;Adventure;USA;Gore Verbinski;Johnny Depp;https://www.imdb.com/title/tt0325980;https://m.media-amazon.com/images/M/MV5BNGYyZGM5MGMtYTY2Ni00M2Y1LWIzNjQtYWUzM2VlNGVhMDNhXkEyXkFqcGdeQXVyMTMxODk2OTU@._V1_FMjpg_UX1000_.jpg
244;Blade Runner 2049;2017;Drama;Canada;Denis Villeneuve;Ryan Gosling;https://www.imdb.com/title/tt1856101;https://m.media-amazon.com/images/M/MV5BNzA1Njg4NzYxOV5BMl5BanBnXkFtZTgwODk5NjU3MzI@._V1_FMjpg_UX1000_.jpg
245;La La Land;2016;Comedy;Hong Kong;Damien Chazelle;Ryan Gosling;https://www.imdb.com/title/tt3783958;https://m.media-amazon.com/images/M/MV5BYjZlMzFhM2EtNGM5ZC00OGU0LTg3ZDAtNmQ5Y2RkOGJmZjhhXkEyXkFqcGdeQXVyOTU2NDAzNDE@._V1_FMjpg_UX1000_.jpg
246;Guardians of the Galaxy;2014;Adventure;USA;James Gunn;Chris Pratt;https://www.imdb.com/title/tt2015381;https://m.media-amazon.com/images/M/MV5BNDIzMTk4NDYtMjg5OS00ZGI0LWJhZDYtMzdmZGY1YWU5ZGNkXkEyXkFqcGdeQXVyMTI5NzUyMTIz._V1_FMjpg_UX1000_.jpg
247;Fanny och Alexander;1982;Drama;Sweden;Ingmar Bergman;Bertil Guve;https://www.imdb.com/title/tt0083922;https://m.media-amazon.com/images/M/MV5BZmQzMDE5ZWQtOTU3ZS00ZjdhLWI0OTctZDNkODk4YThmOTRhL2ltYWdlXkEyXkFqcGdeQXVyNjc1NTYyMjg@._V1_FMjpg_UX1000_.jpg
248;Tsubaki Sanj�r�;1962;Drama;Japan;Akira Kurosawa;Toshir� Mifune;https://www.imdb.com/title/tt0056443;https://m.media-amazon.com/images/M/MV5BZmY3MDlmODctYTY3Yi00NzYyLWIxNTUtYjVlZWZjMmMwZTBkXkEyXkFqcGdeQXVyMzAxNjg3MjQ@._V1_FMjpg_UX1000_.jpg
249;Gangs of Wasseypur;2012;Comedy;India;Anurag Kashyap;Manoj Bajpayee;https://www.imdb.com/title/tt1954470;https://m.media-amazon.com/images/M/MV5BMTc5NjY4MjUwNF5BMl5BanBnXkFtZTgwODM3NzM5MzE@._V1_FMjpg_UX1000_.jpg
250;Drishyam�;2015;Drama;India;Nishikant Kamat;Ajay Devgn;https://www.imdb.com/title/tt4430212;https://m.media-amazon.com/images/M/MV5BYmJhZmJlYTItZmZlNy00MGY0LTg0ZGMtNWFkYWU5NTA1YTNhXkEyXkFqcGdeQXVyODE5NzE3OTE@._V1_FMjpg_UX1000_.jpg